จังหวัด,อำเภอ,ตำบล,pcode,อปท.,ประเภท,โทรศัพท์,เว็บไซต์,แหล่งที่มา,วันที่ค้น,สถานะ,หมายเหตุ
ระยอง,เมืองระยอง,ท่าประดู่,TH210101,เทศบาลนครระยอง,เทศบาลนคร,"0 3862 0111, 0 3861 1345",https://www.rayongcity.go.th/,https://www.rayongcity.go.th/ (ส่วนท้ายหน้าแรก อ่านผ่านเบราว์เซอร์),2026-10-01,พบ,
ระยอง,เมืองระยอง,เชิงเนิน,TH210102,เทศบาลตำบลเชิงเนิน,เทศบาลตำบล,"0-3801-6598, 0-3801-6599",https://www.choengnoen.go.th/,https://www.choengnoen.go.th/contactus,2026-10-01,พบ,
ระยอง,เมืองระยอง,เชิงเนิน,TH210102,เทศบาลนครระยอง,เทศบาลนคร,"0 3862 0111, 0 3861 1345",https://www.rayongcity.go.th/,https://www.rayongcity.go.th/ (ส่วนท้ายหน้าแรก อ่านผ่านเบราว์เซอร์),2026-10-01,พบ,ครอบคลุมบางส่วน (หมู่ 5)
ระยอง,เมืองระยอง,ตะพง,TH210103,องค์การบริหารส่วนตำบลตะพง,องค์การบริหารส่วนตำบล,"038-664053, 038-645366-7",https://www.tapong.go.th/,https://www.tapong.go.th/,2026-10-01,พบ,
ระยอง,เมืองระยอง,ปากน้ำ,TH210104,เทศบาลนครระยอง,เทศบาลนคร,"0 3862 0111, 0 3861 1345",https://www.rayongcity.go.th/,https://www.rayongcity.go.th/ (ส่วนท้ายหน้าแรก อ่านผ่านเบราว์เซอร์),2026-10-01,พบ,
ระยอง,เมืองระยอง,เพ,TH210105,เทศบาลตำบลบ้านเพ,เทศบาลตำบล,0-3865-3751-4,https://banphecity.go.th/,https://banphecity.go.th/index.php,2026-10-01,พบ,
ระยอง,เมืองระยอง,เพ,TH210105,องค์การบริหารส่วนตำบลเพ,องค์การบริหารส่วนตำบล,038-651-911,https://www.phe.go.th/,https://www.phe.go.th/contact,2026-10-01,พบ,
ระยอง,เมืองระยอง,แกลง,TH210106,เทศบาลตำบลแกลง-กะเฉด,เทศบาลตำบล,0-3864-7442,http://www.klangkachedcity.go.th/,http://www.klangkachedcity.go.th/,2026-10-01,พบ,
ระยอง,เมืองระยอง,แกลง,TH210106,องค์การบริหารส่วนตำบลแกลง,องค์การบริหารส่วนตำบล,0-3864-7506,https://www.klaeng.go.th/,https://www.klaeng.go.th/intro,2026-10-01,พบ,
ระยอง,เมืองระยอง,บ้านแลง,TH210107,องค์การบริหารส่วนตำบลบ้านแลง,องค์การบริหารส่วนตำบล,054-825197,http://www.banlang.go.th/,http://www.banlang.go.th/index/?page=contact,2026-10-01,พบ,
ระยอง,เมืองระยอง,นาตาขวัญ,TH210108,เทศบาลตำบลนาตาขวัญ,เทศบาลตำบล,038-016073-5,http://www.natakhwan.go.th/,http://www.natakhwan.go.th/index.php,2026-10-01,พบ,
ระยอง,เมืองระยอง,เนินพระ,TH210109,เทศบาลเมืองเนินพระ,เทศบาลเมือง,0-3862-3970,https://www.noenphracity.go.th/,https://www.noenphracity.go.th/contactus,2026-10-01,พบ,
ระยอง,เมืองระยอง,เนินพระ,TH210109,เทศบาลนครระยอง,เทศบาลนคร,"0 3862 0111, 0 3861 1345",https://www.rayongcity.go.th/,https://www.rayongcity.go.th/ (ส่วนท้ายหน้าแรก อ่านผ่านเบราว์เซอร์),2026-10-01,พบ,ครอบคลุมบางส่วน (หมู่ 2)
ระยอง,เมืองระยอง,เนินพระ,TH210109,เทศบาลนครมาบตาพุด,เทศบาลนคร,0-3868-5562,https://www.maptaphutcity.go.th/,https://www.mtptown.go.th/contactus (ข้อความจากผลค้นหาของหน้าเว็บทางการ; เว็บมี Cloudflare จึงยังไม่ได้เปิดหน้ายืนยันโดยตรง),2026-10-01,ไม่แน่ใจ,ควรโทรยืนยันก่อนเผยแพร่; ครอบคลุมบางส่วน (หมู่ 4-7)
ระยอง,เมืองระยอง,กะเฉด,TH210110,เทศบาลตำบลแกลง-กะเฉด,เทศบาลตำบล,0-3864-7442,http://www.klangkachedcity.go.th/,http://www.klangkachedcity.go.th/,2026-10-01,พบ,
ระยอง,เมืองระยอง,กะเฉด,TH210110,องค์การบริหารส่วนตำบลกะเฉด,องค์การบริหารส่วนตำบล,0-3863-4400,https://www.kached.go.th/,https://www.kached.go.th/public/contact/data/index/menu/1290,2026-10-01,พบ,
ระยอง,เมืองระยอง,ทับมา,TH210111,เทศบาลตำบลทับมา,เทศบาลตำบล,"0-3866-3148, 09-2895-7111",https://thapma.go.th/,https://thapma.go.th/index/?page=article6279,2026-10-01,พบ,
ระยอง,เมืองระยอง,ทับมา,TH210111,เทศบาลนครมาบตาพุด,เทศบาลนคร,0-3868-5562,https://www.maptaphutcity.go.th/,https://www.mtptown.go.th/contactus (ข้อความจากผลค้นหาของหน้าเว็บทางการ; เว็บมี Cloudflare จึงยังไม่ได้เปิดหน้ายืนยันโดยตรง),2026-10-01,ไม่แน่ใจ,ควรโทรยืนยันก่อนเผยแพร่; ครอบคลุมบางส่วน (หมู่ 5)
ระยอง,เมืองระยอง,น้ำคอก,TH210112,เทศบาลตำบลน้ำคอก,เทศบาลตำบล,"0-3887-4980, 0-3887-4979",https://www.namkhokcity.go.th/,https://www.namkhokcity.go.th/index.php/contact,2026-10-01,พบ,
ระยอง,เมืองระยอง,ห้วยโป่ง,TH210113,เทศบาลนครมาบตาพุด,เทศบาลนคร,0-3868-5562,https://www.maptaphutcity.go.th/,https://www.mtptown.go.th/contactus (ข้อความจากผลค้นหาของหน้าเว็บทางการ; เว็บมี Cloudflare จึงยังไม่ได้เปิดหน้ายืนยันโดยตรง),2026-10-01,ไม่แน่ใจ,ควรโทรยืนยันก่อนเผยแพร่
ระยอง,เมืองระยอง,มาบตาพุด,TH210114,เทศบาลนครมาบตาพุด,เทศบาลนคร,0-3868-5562,https://www.maptaphutcity.go.th/,https://www.mtptown.go.th/contactus (ข้อความจากผลค้นหาของหน้าเว็บทางการ; เว็บมี Cloudflare จึงยังไม่ได้เปิดหน้ายืนยันโดยตรง),2026-10-01,ไม่แน่ใจ,ควรโทรยืนยันก่อนเผยแพร่
ระยอง,เมืองระยอง,สำนักทอง,TH210115,องค์การบริหารส่วนตำบลสำนักทอง,องค์การบริหารส่วนตำบล,"038-634-505, 038-634-156",https://www.samnakthong.go.th/,https://www.samnakthong.go.th/contact,2026-10-01,พบ,
ระยอง,บ้านฉาง,สำนักท้อน,TH210201,เทศบาลตำบลสำนักท้อน,เทศบาลตำบล,0-3860-4430-1,https://snt.go.th/,https://snt.go.th/public/contact/data/index/menu/1290,2026-10-01,พบ,
ระยอง,บ้านฉาง,สำนักท้อน,TH210201,เทศบาลตำบลชากหมาก,เทศบาลตำบล,,,,2026-10-01,ไม่พบ,เทศบาลใหม่ (ยกฐานะจาก อบต.สำนักท้อน) ไม่พบเว็บไซต์หรือเบอร์จากแหล่งทางการ
ระยอง,บ้านฉาง,พลา,TH210202,เทศบาลเมืองบ้านฉาง,เทศบาลเมือง,0-3869-5234 ถึง 7,https://banchangcity.go.th/,https://banchangcity.go.th/public/contact/data/index/menu/122,2026-10-01,พบ,
ระยอง,บ้านฉาง,พลา,TH210202,เทศบาลตำบลพลา,เทศบาลตำบล,043-771431,https://www.pala.go.th/,https://www.pala.go.th/home,2026-10-01,พบ,
ระยอง,บ้านฉาง,บ้านฉาง,TH210203,เทศบาลเมืองบ้านฉาง,เทศบาลเมือง,0-3869-5234 ถึง 7,https://banchangcity.go.th/,https://banchangcity.go.th/public/contact/data/index/menu/122,2026-10-01,พบ,
ระยอง,บ้านฉาง,บ้านฉาง,TH210203,เทศบาลตำบลบ้านฉาง,เทศบาลตำบล,038-630667 ถึง 70,https://www.banchang.go.th/,https://www.banchang.go.th/contactus,2026-10-01,พบ,
ระยอง,แกลง,ทางเกวียน,TH210301,เทศบาลตำบลเมืองแกลง,เทศบาลตำบล,038-675-222,https://www.muangklang.com/,http://waste.onep.go.th/localgovdetail.php?id=210301 (ฐานข้อมูล สผ. .go.th),2026-10-01,ไม่แน่ใจ,เว็บ อปท. (muangklang.com) ไม่แสดงเบอร์; เบอร์มาจากฐานข้อมูล สผ. ไม่ใช่แหล่งในรายการที่กำหนด
ระยอง,แกลง,ทางเกวียน,TH210301,องค์การบริหารส่วนตำบลทางเกวียน,องค์การบริหารส่วนตำบล,0-3899-2044,https://thangkwien.go.th/,https://thangkwien.go.th/public/contact/data/index/menu/1290,2026-10-01,พบ,
ระยอง,แกลง,วังหว้า,TH210302,เทศบาลตำบลเมืองแกลง,เทศบาลตำบล,038-675-222,https://www.muangklang.com/,http://waste.onep.go.th/localgovdetail.php?id=210301 (ฐานข้อมูล สผ. .go.th),2026-10-01,ไม่แน่ใจ,เว็บ อปท. (muangklang.com) ไม่แสดงเบอร์; เบอร์มาจากฐานข้อมูล สผ. ไม่ใช่แหล่งในรายการที่กำหนด
ระยอง,แกลง,วังหว้า,TH210302,องค์การบริหารส่วนตำบลวังหว้า,องค์การบริหารส่วนตำบล,038 672192,https://www.saowangwa.go.th/,https://www.saowangwa.go.th/home,2026-10-01,พบ,
ระยอง,แกลง,ชากโดน,TH210303,องค์การบริหารส่วนตำบลชากโดน,องค์การบริหารส่วนตำบล,0-3863-2266,https://www.chakkadon.go.th/,https://www.chakkadon.go.th/contact,2026-10-01,พบ,
ระยอง,แกลง,เนินฆ้อ,TH210304,เทศบาลตำบลเนินฆ้อ,เทศบาลตำบล,038-037611,http://www.neunkho.go.th/,http://www.neunkho.go.th/contacts/?scon_id=3,2026-10-01,พบ,
ระยอง,แกลง,กร่ำ,TH210305,เทศบาลตำบลสุนทรภู่,เทศบาลตำบล,038-638778,https://www.sunthornphu.go.th/,https://www.sunthornphu.go.th/,2026-10-01,พบ,
ระยอง,แกลง,ชากพง,TH210306,เทศบาลตำบลสุนทรภู่,เทศบาลตำบล,038-638778,https://www.sunthornphu.go.th/,https://www.sunthornphu.go.th/,2026-10-01,พบ,
ระยอง,แกลง,กระแสบน,TH210307,องค์การบริหารส่วนตำบลกระแสบน,องค์การบริหารส่วนตำบล,0-3899-2040,https://www.krasaebon.go.th/,"https://data.go.th/dataset/dlads_05_01 (API wsg.dla.go.th DLA_INFO62_0040, ปีงบ 2564)",2026-10-01,พบ,เบอร์จากฐานข้อมูล DLA ปีงบ 2564 (เว็บ อปท. ไม่แสดงเบอร์)
ระยอง,แกลง,บ้านนา,TH210308,เทศบาลตำบลบ้านนา,เทศบาลตำบล,038-672-557,https://www.banna-klaeng.go.th/,https://www.banna-klaeng.go.th/index/?page=article6279,2026-10-01,พบ,
ระยอง,แกลง,ทุ่งควายกิน,TH210309,เทศบาลตำบลทุ่งควายกิน,เทศบาลตำบล,038-668-797,https://www.tungkhwaikin.go.th/,https://www.tungkhwaikin.go.th/contact-rev2,2026-10-01,พบ,
ระยอง,แกลง,ทุ่งควายกิน,TH210309,องค์การบริหารส่วนตำบลทุ่งควายกิน,องค์การบริหารส่วนตำบล,038668991,,"https://data.go.th/dataset/dlads_05_01 (API wsg.dla.go.th DLA_INFO62_0040, ปีงบ 2564)",2026-10-01,พบ,เบอร์จากฐานข้อมูล DLA ปีงบ 2564 (เว็บ อปท. ไม่แสดงเบอร์)
ระยอง,แกลง,กองดิน,TH210310,เทศบาลตำบลกองดิน,เทศบาลตำบล,038-670968,https://www.tessabankongdin.go.th/,https://www.tessabankongdin.go.th/contact,2026-10-01,พบ,
ระยอง,แกลง,กองดิน,TH210310,องค์การบริหารส่วนตำบลกองดิน,องค์การบริหารส่วนตำบล,038029480,https://www.kongdin.go.th/,"https://data.go.th/dataset/dlads_05_01 (API wsg.dla.go.th DLA_INFO62_0040, ปีงบ 2564)",2026-10-01,พบ,เบอร์จากฐานข้อมูล DLA ปีงบ 2564 (เว็บ อปท. ไม่แสดงเบอร์)
ระยอง,แกลง,คลองปูน,TH210311,เทศบาลตำบลทุ่งควายกิน,เทศบาลตำบล,038-668-797,https://www.tungkhwaikin.go.th/,https://www.tungkhwaikin.go.th/contact-rev2,2026-10-01,พบ,
ระยอง,แกลง,คลองปูน,TH210311,องค์การบริหารส่วนตำบลคลองปูน,องค์การบริหารส่วนตำบล,0-3866-1006,http://klongpoon.go.th/,http://klongpoon.go.th/index.php?option=com_contact&view=contact&id=1&Itemid=46,2026-10-01,พบ,
ระยอง,แกลง,พังราด,TH210312,องค์การบริหารส่วนตำบลพังราด,องค์การบริหารส่วนตำบล,038026426,,"https://data.go.th/dataset/dlads_05_01 (API wsg.dla.go.th DLA_INFO62_0040, ปีงบ 2564)",2026-10-01,พบ,เบอร์จากฐานข้อมูล DLA ปีงบ 2564 (เว็บ อปท. ไม่แสดงเบอร์)
ระยอง,แกลง,ปากน้ำกระแส,TH210313,เทศบาลตำบลปากน้ำประแส,เทศบาลตำบล,038-661-720 ต่อ 0,https://paknumprasae.go.th/,https://paknumprasae.go.th/public/contact/data/index/menu/1290,2026-10-01,พบ,
ระยอง,แกลง,ปากน้ำกระแส,TH210313,องค์การบริหารส่วนตำบลคลองปูน,องค์การบริหารส่วนตำบล,0-3866-1006,http://klongpoon.go.th/,http://klongpoon.go.th/index.php?option=com_contact&view=contact&id=1&Itemid=46,2026-10-01,พบ,
ระยอง,แกลง,ห้วยยาง,TH210317,องค์การบริหารส่วนตำบลห้วยยาง,องค์การบริหารส่วนตำบล,038-632-467,https://www.huay-yang.go.th/,https://www.huay-yang.go.th/contact-rev2,2026-10-01,พบ,
ระยอง,แกลง,สองสลึง,TH210318,เทศบาลตำบลสองสลึง,เทศบาลตำบล,038-670-374,http://www.songsalueng.go.th/,http://www.songsalueng.go.th/index.php,2026-10-01,พบ,
ระยอง,วังจันทร์,วังจันทร์,TH210401,องค์การบริหารส่วนตำบลวังจันทร์,องค์การบริหารส่วนตำบล,038-026406,https://wangchan.go.th/,https://wangchan.go.th/page/contents/contact/,2026-10-01,พบ,
ระยอง,วังจันทร์,ชุมแสง,TH210402,เทศบาลตำบลชุมแสง,เทศบาลตำบล,"038-029490, 038-029491, 038-029492",http://chumsangcity.go.th/,http://chumsangcity.go.th/contact,2026-10-01,พบ,
ระยอง,วังจันทร์,ชุมแสง,TH210402,องค์การบริหารส่วนตำบลชุมแสง,องค์การบริหารส่วนตำบล,0-3866-6531,http://www.chumsaeng.go.th/,http://www.chumsaeng.go.th/contact,2026-10-01,พบ,
ระยอง,วังจันทร์,ป่ายุบใน,TH210403,องค์การบริหารส่วนตำบลป่ายุบใน,องค์การบริหารส่วนตำบล,038-029108-9,https://www.payubnai.go.th/,https://www.payubnai.go.th/%E0%B8%95%E0%B8%B4%E0%B8%94%E0%B8%95%E0%B9%88%E0%B8%AD%E0%B9%80%E0%B8%A3%E0%B8%B2/,2026-10-01,พบ,
ระยอง,วังจันทร์,พลงตาเอี่ยม,TH210404,เทศบาลตำบลชุมแสง,เทศบาลตำบล,"038-029490, 038-029491, 038-029492",http://chumsangcity.go.th/,http://chumsangcity.go.th/contact,2026-10-01,พบ,
ระยอง,วังจันทร์,พลงตาเอี่ยม,TH210404,องค์การบริหารส่วนตำบลพลงตาเอี่ยม,องค์การบริหารส่วนตำบล,"038-029-483
 0",https://plongta-iam.go.th/,https://plongta-iam.go.th/public/contact/data/index/menu/1290,2026-10-01,พบ,
ระยอง,บ้านค่าย,บ้านค่าย,TH210501,เทศบาลตำบลบ้านค่าย,เทศบาลตำบล,038-642246,https://www.bankhaicity.go.th/,https://www.bankhaicity.go.th/contactus,2026-10-01,พบ,
ระยอง,บ้านค่าย,บ้านค่าย,TH210501,เทศบาลตำบลบ้านค่ายพัฒนา,เทศบาลตำบล,038-641-741,http://www.bankhaipattana.go.th/,http://www.bankhaipattana.go.th/contact.php,2026-10-01,พบ,
ระยอง,บ้านค่าย,หนองละลอก,TH210502,เทศบาลตำบลบ้านค่าย,เทศบาลตำบล,038-642246,https://www.bankhaicity.go.th/,https://www.bankhaicity.go.th/contactus,2026-10-01,พบ,
ระยอง,บ้านค่าย,หนองละลอก,TH210502,องค์การบริหารส่วนตำบลหนองละลอก,องค์การบริหารส่วนตำบล,"0-3864-2365, 0-3864-2366, 0-3864-2357, 0-3864-2675",http://www.nonglalok.go.th/,http://www.nonglalok.go.th/index.php,2026-10-01,พบ,
ระยอง,บ้านค่าย,หนองตะพาน,TH210503,องค์การบริหารส่วนตำบลหนองตะพาน,องค์การบริหารส่วนตำบล,"038025224, 0822830959",https://www.nongtaphan.go.th/,https://www.nongtaphan.go.th/contactus,2026-10-01,พบ,
ระยอง,บ้านค่าย,ตาขัน,TH210504,องค์การบริหารส่วนตำบลตาขัน,องค์การบริหารส่วนตำบล,0-3801-8571,https://www.takhan.go.th/,"https://data.go.th/dataset/dlads_05_01 (API wsg.dla.go.th DLA_INFO62_0040, ปีงบ 2564)",2026-10-01,พบ,เบอร์จากฐานข้อมูล DLA ปีงบ 2564 (เว็บ อปท. ไม่แสดงเบอร์)
ระยอง,บ้านค่าย,บางบุตร,TH210505,องค์การบริหารส่วนตำบลบางบุตร,องค์การบริหารส่วนตำบล,038 - 025533,https://www.bangbuth.go.th/,https://www.bangbuth.go.th/,2026-10-01,พบ,
ระยอง,บ้านค่าย,หนองบัว,TH210506,เทศบาลตำบลหนองบัว,เทศบาลตำบล,038-646 428,http://www.saonongbua.go.th/,http://www.saonongbua.go.th/contact.php,2026-10-01,พบ,
ระยอง,บ้านค่าย,ชากบก,TH210507,เทศบาลตำบลชากบก,เทศบาลตำบล,0-3801-7840 ถึง 3,https://www.chakkabok.go.th/,https://www.chakkabok.go.th/contactus,2026-10-01,พบ,
ระยอง,ปลวกแดง,ปลวกแดง,TH210601,เทศบาลตำบลปลวกแดง,เทศบาลตำบล,0-3301-7725-7,https://pluakdaeng.go.th/,https://pluakdaeng.go.th/public/contact/data/index/menu/1290,2026-10-01,พบ,
ระยอง,ปลวกแดง,ปลวกแดง,TH210601,เทศบาลตำบลบ้านปลวกแดง,เทศบาลตำบล,"038-659254, 038-659246",https://www.banpluakdaengcity.go.th/,https://www.banpluakdaengcity.go.th/,2026-10-01,พบ,
ระยอง,ปลวกแดง,ตาสิทธิ์,TH210602,องค์การบริหารส่วนตำบลตาสิทธิ์,องค์การบริหารส่วนตำบล,03-801-0812,https://tasit.go.th/,https://tasit.go.th/index/?page=contact,2026-10-01,พบ,
ระยอง,ปลวกแดง,ตาสิทธิ์,TH210602,เทศบาลตำบลจอมพลเจ้าพระยา,เทศบาลตำบล,0-3801-6241,https://jompoljaopraya.go.th/,https://jompoljaopraya.go.th/public/contact/data/index/menu/1290,2026-10-01,พบ,
ระยอง,ปลวกแดง,ละหาร,TH210603,องค์การบริหารส่วนตำบลละหาร,องค์การบริหารส่วนตำบล,038-016-292,https://www.lahans.go.th/,https://www.lahans.go.th/contact,2026-10-01,พบ,
ระยอง,ปลวกแดง,แม่น้ำคู้,TH210604,เทศบาลตำบลแม่น้ำคู้,เทศบาลตำบล,038-010800 ถึง 3,https://www.maenamkhu.go.th/,https://www.maenamkhu.go.th/contact,2026-10-01,พบ,
ระยอง,ปลวกแดง,มาบยางพร,TH210605,องค์การบริหารส่วนตำบลมาบยางพร,องค์การบริหารส่วนตำบล,0 3801 5008,http://www.mabyangporn.go.th/,https://www.mabyangporn.go.th/index/?page=contact,2026-10-01,พบ,
ระยอง,ปลวกแดง,หนองไร่,TH210606,องค์การบริหารส่วนตำบลหนองไร่,องค์การบริหารส่วนตำบล,038-015-225,http://www.nongrai.go.th/,http://www.nongrai.go.th/index.php,2026-10-01,พบ,
ระยอง,เขาชะเมา,น้ำเป็น,TH210701,องค์การบริหารส่วนตำบลน้ำเป็น,องค์การบริหารส่วนตำบล,038016425,https://www.namphen.go.th/,"https://data.go.th/dataset/dlads_05_01 (API wsg.dla.go.th DLA_INFO62_0040, ปีงบ 2564)",2026-10-01,พบ,เบอร์จากฐานข้อมูล DLA ปีงบ 2564 (เว็บ อปท. ไม่แสดงเบอร์)
ระยอง,เขาชะเมา,ห้วยทับมอญ,TH210702,องค์การบริหารส่วนตำบลเขาชะเมา,องค์การบริหารส่วนตำบล,0-3899-6107,https://www.khaochamao.go.th/,https://www.khaochamao.go.th/index.php,2026-10-01,พบ,
ระยอง,เขาชะเมา,ชำฆ้อ,TH210703,เทศบาลตำบลชำฆ้อ,เทศบาลตำบล,089-0914422,https://www.chamkhocity.go.th/,https://www.chamkhocity.go.th/contact-us/,2026-10-01,พบ,
ระยอง,เขาชะเมา,เขาน้อย,TH210704,องค์การบริหารส่วนตำบลเขาน้อย,องค์การบริหารส่วนตำบล,0-3802-9477,https://khaonoichamao.go.th/,https://khaonoichamao.go.th/public/contact/data/index/menu/1290,2026-10-01,พบ,
ระยอง,นิคมพัฒนา,นิคมพัฒนา,TH210801,เทศบาลเมืองนิคมพัฒนา,เทศบาลเมือง,0-3863-6333,https://www.nikhomphatthanacity.go.th/,https://www.nikhomphatthanacity.go.th/public/contact/data/index/menu/1290,2026-10-01,พบ,
ระยอง,นิคมพัฒนา,นิคมพัฒนา,TH210801,องค์การบริหารส่วนตำบลนิคมพัฒนา,องค์การบริหารส่วนตำบล,038 606 421,https://nikhompattana.go.th/,https://nikhompattana.go.th/contact,2026-10-01,พบ,
ระยอง,นิคมพัฒนา,มาบข่า,TH210802,เทศบาลตำบลมาบข่าพัฒนา,เทศบาลตำบล,038-968534,https://mapkhaphatthana.go.th/,https://mapkhaphatthana.go.th/public/contact/data/index/menu/1290,2026-10-01,พบ,
ระยอง,นิคมพัฒนา,มาบข่า,TH210802,เทศบาลเมืองนิคมพัฒนา,เทศบาลเมือง,0-3863-6333,https://www.nikhomphatthanacity.go.th/,https://www.nikhomphatthanacity.go.th/public/contact/data/index/menu/1290,2026-10-01,พบ,"ครอบคลุมบางส่วน (หมู่ 5, 8)"
ระยอง,นิคมพัฒนา,มาบข่า,TH210802,เทศบาลนครมาบตาพุด,เทศบาลนคร,0-3868-5562,https://www.maptaphutcity.go.th/,https://www.mtptown.go.th/contactus (ข้อความจากผลค้นหาของหน้าเว็บทางการ; เว็บมี Cloudflare จึงยังไม่ได้เปิดหน้ายืนยันโดยตรง),2026-10-01,ไม่แน่ใจ,ควรโทรยืนยันก่อนเผยแพร่; ครอบคลุมบางส่วน (หมู่ 6-7)
ระยอง,นิคมพัฒนา,พนานิคม,TH210803,เทศบาลตำบลพนานิคม,เทศบาลตำบล,"038-877183, 065-9566311",http://www.pananikhom.go.th/,http://www.pananikhom.go.th/,2026-10-01,พบ,
ระยอง,นิคมพัฒนา,มะขามคู่,TH210804,เทศบาลเมืองมะขามคู่,เทศบาลเมือง,0 3803 5518-9,https://www.makhamkhu.go.th/,https://www.makhamkhu.go.th/public/contact/data/index/menu/122,2026-10-01,พบ,
จันทบุรี,เมืองจันทบุรี,ตลาด,TH220101,เทศบาลเมืองจันทบุรี,เทศบาลเมือง,0 3931 3669,https://chanmunic.go.th/,https://chanmunic.go.th/public/contact/data/index/menu/1290,2026-10-01,พบ,
จันทบุรี,เมืองจันทบุรี,วัดใหม่,TH220102,เทศบาลเมืองจันทบุรี,เทศบาลเมือง,0 3931 3669,https://chanmunic.go.th/,https://chanmunic.go.th/public/contact/data/index/menu/1290,2026-10-01,พบ,
จันทบุรี,เมืองจันทบุรี,คลองนารายณ์,TH220103,องค์การบริหารส่วนตำบลคลองนารายณ์,องค์การบริหารส่วนตำบล,039-460113,http://klongnarai.go.th/,http://klongnarai.go.th/index.php,2026-10-01,พบ,
จันทบุรี,เมืองจันทบุรี,คลองนารายณ์,TH220103,เทศบาลตำบลพลับพลานารายณ์,เทศบาลตำบล,0-3941-8498,http://www.ppnr.go.th/,http://www.ppnr.go.th/contactus,2026-10-01,พบ,
จันทบุรี,เมืองจันทบุรี,เกาะขวาง,TH220104,เทศบาลเมืองเกาะขวาง,เทศบาลเมือง,039-460-291,https://www.kohkwang.go.th/,https://www.kohkwang.go.th/contact,2026-10-01,พบ,
จันทบุรี,เมืองจันทบุรี,คมบาง,TH220105,องค์การบริหารส่วนตำบลคมบาง,องค์การบริหารส่วนตำบล,0-3939-7066,http://www.kombang.com/,"https://data.go.th/dataset/dlads_05_01 (API wsg.dla.go.th DLA_INFO62_0040, ปีงบ 2564)",2026-10-01,พบ,เบอร์จากฐานข้อมูล DLA ปีงบ 2564 (เว็บ อปท. ไม่แสดงเบอร์)
จันทบุรี,เมืองจันทบุรี,ท่าช้าง,TH220106,เทศบาลเมืองท่าช้าง,เทศบาลเมือง,039-325909,https://tccity.go.th/,https://tccity.go.th/public/contact/data/index/menu/1290,2026-10-01,พบ,
จันทบุรี,เมืองจันทบุรี,ท่าช้าง,TH220106,เทศบาลเมืองท่าช้างจันทบูร,เทศบาลเมือง,0-3948-0397,https://thachangchan.go.th/,https://thachangchan.go.th/public/contact/data/index/menu/1290,2026-10-01,พบ,
จันทบุรี,เมืองจันทบุรี,จันทนิมิต,TH220107,เทศบาลเมืองจันทนิมิต,เทศบาลเมือง,039-311-073,https://muangchanthanimit.go.th/,https://muangchanthanimit.go.th/contact,2026-10-01,พบ,
จันทบุรี,เมืองจันทบุรี,บางกะจะ,TH220108,เทศบาลตำบลบางกะจะ,เทศบาลตำบล,"039-391-516, 039-391-321",https://bangkaja.go.th/,https://bangkaja.go.th/public/contact/data/index/menu/1290,2026-10-01,พบ,
จันทบุรี,เมืองจันทบุรี,บางกะจะ,TH220108,เทศบาลตำบลค่ายเนินวง,เทศบาลตำบล,0-3939-1361,https://khainoenwong.go.th/,https://khainoenwong.go.th/public/contact/data/index/menu/1290,2026-10-01,พบ,
จันทบุรี,เมืองจันทบุรี,แสลง,TH220109,เทศบาลตำบลแสลง,เทศบาลตำบล,039-480-284-5,https://www.salaeng.go.th/,https://www.salaeng.go.th/contact,2026-10-01,พบ,
จันทบุรี,เมืองจันทบุรี,หนองบัว,TH220110,เทศบาลตำบลหนองบัว,เทศบาลตำบล,0-3946-0298,https://www.nongbuachan.go.th/,https://www.nongbuachan.go.th/home,2026-10-01,พบ,
จันทบุรี,เมืองจันทบุรี,หนองบัว,TH220110,องค์การบริหารส่วนตำบลหนองบัว,องค์การบริหารส่วนตำบล,0-3949-8028,https://www.sao-nongbua.go.th/,https://www.sao-nongbua.go.th/index/?page=contact,2026-10-01,พบ,
จันทบุรี,เมืองจันทบุรี,พลับพลา,TH220111,เทศบาลตำบลพลับพลา,เทศบาลตำบล,0-3941-9017,https://plubpla.go.th/,https://plubpla.go.th/public/contact/data/index/menu/1290,2026-10-01,พบ,
จันทบุรี,เมืองจันทบุรี,พลับพลา,TH220111,เทศบาลตำบลพลับพลานารายณ์,เทศบาลตำบล,0-3941-8498,http://www.ppnr.go.th/,http://www.ppnr.go.th/contactus,2026-10-01,พบ,
จันทบุรี,ขลุง,ขลุง,TH220201,เทศบาลเมืองขลุง,เทศบาลเมือง,0-3944-1327,https://www.khlungcity.go.th/,https://www.khlungcity.go.th/public/contact/data/index/menu/1290,2026-10-01,พบ,
จันทบุรี,ขลุง,บ่อ,TH220202,เทศบาลตำบลบ่อ,เทศบาลตำบล,039-424235,https://www.tessabantambonbor.go.th/,https://www.tessabantambonbor.go.th/contact,2026-10-01,พบ,
จันทบุรี,ขลุง,เกวียนหัก,TH220203,เทศบาลตำบลเกวียนหัก,เทศบาลตำบล,039-493-194,https://www.kwianhug.go.th/,https://www.kwianhug.go.th/index/?page=contact,2026-10-01,พบ,
จันทบุรี,ขลุง,ตะปอน,TH220204,องค์การบริหารส่วนตำบลตะปอน,องค์การบริหารส่วนตำบล,"0 3942 6017, 086 316 6213",https://www.tapon.go.th/,https://www.tapon.go.th/index/?page=contact,2026-10-01,พบ,
จันทบุรี,ขลุง,บางชัน,TH220205,องค์การบริหารส่วนตำบลบางชัน,องค์การบริหารส่วนตำบล,0-3946-0951,https://www.bangchan.go.th/,https://www.bangchan.go.th/index/?page=contact,2026-10-01,พบ,
จันทบุรี,ขลุง,วันยาว,TH220206,เทศบาลตำบลวันยาว,เทศบาลตำบล,"039-424952, 089-2450199",https://www.wanyouw.go.th/,https://www.wanyouw.go.th/index.php,2026-10-01,พบ,
จันทบุรี,ขลุง,ซึ้ง,TH220207,เทศบาลตำบลซึ้ง,เทศบาลตำบล,039460892,http://www.seung.go.th/,http://www.seung.go.th/index.php,2026-10-01,พบ,
จันทบุรี,ขลุง,มาบไพ,TH220208,องค์การบริหารส่วนตำบลมาบไพ,องค์การบริหารส่วนตำบล,0-3941-3321,https://mabphai.go.th/,https://mabphai.go.th/index/?page=contact,2026-10-01,พบ,
จันทบุรี,ขลุง,วังสรรพรส,TH220209,องค์การบริหารส่วนตำบลวังสรรพรส,องค์การบริหารส่วนตำบล,0-3949-2246-8,https://www.wangsapparos.go.th/,https://www.wangsapparos.go.th/index/?page=contact,2026-10-01,พบ,
จันทบุรี,ขลุง,ตรอกนอง,TH220210,องค์การบริหารส่วนตำบลตรอกนอง,องค์การบริหารส่วนตำบล,0-3938-6190,https://www.troknong.go.th/,https://www.troknong.go.th/index/?page=contact,2026-10-01,พบ,
จันทบุรี,ขลุง,ตกพรม,TH220211,เทศบาลตำบลตกพรม,เทศบาลตำบล,039-600774,https://www.tokpromcity.go.th/,https://www.tokpromcity.go.th/index/?page=contact,2026-10-01,พบ,
จันทบุรี,ขลุง,บ่อเวฬุ,TH220212,เทศบาลตำบลบ่อเวฬุ,เทศบาลตำบล,039-492450,https://www.borwenlocal.go.th/,https://www.borwenlocal.go.th/index/?page=contact,2026-10-01,พบ,
จันทบุรี,ท่าใหม่,ท่าใหม่,TH220301,เทศบาลเมืองท่าใหม่,เทศบาลเมือง,0-3943-1502,https://www.thamaicity.go.th/,https://www.thamaicity.go.th/contactus,2026-10-01,พบ,
จันทบุรี,ท่าใหม่,ยายร้า,TH220302,เทศบาลเมืองท่าใหม่,เทศบาลเมือง,0-3943-1502,https://www.thamaicity.go.th/,https://www.thamaicity.go.th/contactus,2026-10-01,พบ,
จันทบุรี,ท่าใหม่,สีพยา,TH220303,องค์การบริหารส่วนตำบลสีพยา-บ่อพุ,องค์การบริหารส่วนตำบล,0-3939-1638,http://www.siphaya-bophu.go.th/,http://www.siphaya-bophu.go.th/contact.php,2026-10-01,พบ,
จันทบุรี,ท่าใหม่,บ่อพุ,TH220304,องค์การบริหารส่วนตำบลสีพยา-บ่อพุ,องค์การบริหารส่วนตำบล,0-3939-1638,http://www.siphaya-bophu.go.th/,http://www.siphaya-bophu.go.th/contact.php,2026-10-01,พบ,
จันทบุรี,ท่าใหม่,พลอยแหวน,TH220305,เทศบาลตำบลเขาวัว-พลอยแหวน,เทศบาลตำบล,"039-609-675-7, 089-9388616",https://www.khaovovl-ploywan.go.th/,https://www.khaovovl-ploywan.go.th/contact-1,2026-10-01,พบ,
จันทบุรี,ท่าใหม่,เขาวัว,TH220306,เทศบาลตำบลเขาวัว-พลอยแหวน,เทศบาลตำบล,"039-609-675-7, 089-9388616",https://www.khaovovl-ploywan.go.th/,https://www.khaovovl-ploywan.go.th/contact-1,2026-10-01,พบ,
จันทบุรี,ท่าใหม่,เขาวัว,TH220306,เทศบาลตำบลเนินสูง,เทศบาลตำบล,0-3949-4110,https://noensoong.go.th/,https://noensoong.go.th/public/contact/data/index/menu/1290,2026-10-01,พบ,
จันทบุรี,ท่าใหม่,เขาบายศรี,TH220307,เทศบาลตำบลเขาบายศรี,เทศบาลตำบล,039-495026-7,http://www.khaobaisri.go.th/,http://www.khaobaisri.go.th/index.php,2026-10-01,พบ,
จันทบุรี,ท่าใหม่,เขาบายศรี,TH220307,เทศบาลตำบลเนินสูง,เทศบาลตำบล,0-3949-4110,https://noensoong.go.th/,https://noensoong.go.th/public/contact/data/index/menu/1290,2026-10-01,พบ,
จันทบุรี,ท่าใหม่,สองพี่น้อง,TH220308,เทศบาลตำบลสองพี่น้อง,เทศบาลตำบล,0-3943-3616-7,https://www.songphinongmunic.go.th/,https://www.songphinongmunic.go.th/contact-rev2,2026-10-01,พบ,
จันทบุรี,ท่าใหม่,ทุ่งเบญจา,TH220309,องค์การบริหารส่วนตำบลทุ่งเบญจา,องค์การบริหารส่วนตำบล,"0-3946-0613, 0-3946-0614",https://tungbenja.go.th/,https://tungbenja.go.th/index.php,2026-10-01,พบ,
จันทบุรี,ท่าใหม่,ทุ่งเบญจา,TH220309,เทศบาลตำบลหนองคล้า,เทศบาลตำบล,039-437290,http://www.nongkhlacity.go.th/,http://www.nongkhlacity.go.th/index.php,2026-10-01,พบ,
จันทบุรี,ท่าใหม่,รำพัน,TH220311,องค์การบริหารส่วนตำบลรำพัน,องค์การบริหารส่วนตำบล,039-460145,https://www.ramphan.go.th/,https://www.ramphan.go.th/contact.php,2026-10-01,พบ,
จันทบุรี,ท่าใหม่,โขมง,TH220312,องค์การบริหารส่วนตำบลโขมง,องค์การบริหารส่วนตำบล,039433406,http://www.khamong.com/,"https://data.go.th/dataset/dlads_05_01 (API wsg.dla.go.th DLA_INFO62_0040, ปีงบ 2564)",2026-10-01,พบ,เบอร์จากฐานข้อมูล DLA ปีงบ 2564 (เว็บ อปท. ไม่แสดงเบอร์)
จันทบุรี,ท่าใหม่,ตะกาดเง้า,TH220313,เทศบาลตำบลตะกาดเง้า,เทศบาลตำบล,0-3946-0172,https://takadngaow.go.th/,https://takadngaow.go.th/public/contact/data/index/menu/509/,2026-10-01,พบ,
จันทบุรี,ท่าใหม่,คลองขุด,TH220314,เทศบาลตำบลคลองขุด,เทศบาลตำบล,0-3943-3666,https://www.klongkhud.go.th/,https://www.klongkhud.go.th/public/contact/data/index/menu/1290,2026-10-01,พบ,
จันทบุรี,ท่าใหม่,เขาแก้ว,TH220324,องค์การบริหารส่วนตำบลเขาแก้ว,องค์การบริหารส่วนตำบล,0-3946-0758,https://saokhaokaew.go.th/,https://saokhaokaew.go.th/index.php,2026-10-01,พบ,
จันทบุรี,โป่งน้ำร้อน,ทับไทร,TH220401,เทศบาลตำบลทับไทร,เทศบาลตำบล,039-447317 ถึง 8,https://www.thabsai.go.th/,https://envi-mining.dpim.go.th/modules.php?apt=66&gr=&m=apt&op=detailapt (ฐานข้อมูล กพร. .go.th),2026-10-01,ไม่แน่ใจ,เว็บ ทต.ทับไทร (thabsai.go.th) แสดงเบอร์เป็นรูปภาพ/ไม่พบในข้อความ; เบอร์จากฐานข้อมูล กพร. ไม่ใช่แหล่งในรายการที่กำหนด
จันทบุรี,โป่งน้ำร้อน,ทับไทร,TH220401,เทศบาลตำบลโป่งน้ำร้อน,เทศบาลตำบล,039-387110,https://www.tessabanpong.go.th/,https://www.tessabanpong.go.th/index.php,2026-10-01,พบ,
จันทบุรี,โป่งน้ำร้อน,โป่งน้ำร้อน,TH220402,องค์การบริหารส่วนตำบลโป่งน้ำร้อน,องค์การบริหารส่วนตำบล,039-387-210,http://www.pongnamron.go.th/,http://www.pongnamron.go.th/index.php,2026-10-01,พบ,
จันทบุรี,โป่งน้ำร้อน,โป่งน้ำร้อน,TH220402,เทศบาลตำบลโป่งน้ำร้อน,เทศบาลตำบล,039-387110,https://www.tessabanpong.go.th/,https://www.tessabanpong.go.th/index.php,2026-10-01,พบ,
จันทบุรี,โป่งน้ำร้อน,หนองตาคง,TH220404,เทศบาลตำบลหนองตาคง,เทศบาลตำบล,0-3948-0454,https://www.nongtakong.go.th/,https://www.nongtakong.go.th/index/?page=contact,2026-10-01,พบ,
จันทบุรี,โป่งน้ำร้อน,เทพนิมิต,TH220409,เทศบาลตำบลเทพนิมิต,เทศบาลตำบล,0-3949-6227,https://thepnimitchan.go.th/,https://thepnimitchan.go.th/public/contact/data/index/menu/1290,2026-10-01,พบ,
จันทบุรี,โป่งน้ำร้อน,คลองใหญ่,TH220410,เทศบาลตำบลคลองใหญ่,เทศบาลตำบล,039-496627-2,https://www.klongyaicity.go.th/,https://www.klongyaicity.go.th/index.php,2026-10-01,พบ,
จันทบุรี,มะขาม,มะขาม,TH220501,เทศบาลตำบลมะขาม,เทศบาลตำบล,,http://www.makham.go.th/,,2026-10-01,ไม่พบ,เว็บ อปท. เข้าถึงได้แต่ไม่พบเบอร์โทร
จันทบุรี,มะขาม,มะขาม,TH220501,เทศบาลตำบลมะขามเมืองใหม่,เทศบาลตำบล,039-389 535,https://www.makhammuangmai.go.th/,https://www.makhammuangmai.go.th/data.php?content_id=10,2026-10-01,พบ,
จันทบุรี,มะขาม,ท่าหลวง,TH220502,เทศบาลตำบลท่าหลวง,เทศบาลตำบล,0 3941 1967,http://www.thaluanglocal.go.th/,http://www.thaluanglocal.go.th/index.php,2026-10-01,พบ,
จันทบุรี,มะขาม,ปัถวี,TH220503,เทศบาลตำบลปัถวี,เทศบาลตำบล,039-600191,https://www.pattawee.go.th/,https://www.pattawee.go.th/index/?page=contact,2026-10-01,พบ,
จันทบุรี,มะขาม,วังแซ้ม,TH220504,เทศบาลตำบลวังแซ้ม,เทศบาลตำบล,0-3948-0512,http://www.wangsaem.go.th/,ผลค้นหาเว็บ (.go.th) อ้างที่ตั้ง 35/2 ม.8 ต.วังแซ้ม; เว็บ wangsaem.go.th แสดงเบอร์เป็นรูปภาพ,2026-10-01,ไม่แน่ใจ,ยังไม่ได้ยืนยันจากหน้าเว็บทางการโดยตรง
จันทบุรี,มะขาม,ฉมัน,TH220506,เทศบาลตำบลฉมัน,เทศบาลตำบล,039-480389,http://chaman.go.th/,http://chaman.go.th/index.php,2026-10-01,พบ,
จันทบุรี,มะขาม,อ่างคีรี,TH220508,เทศบาลตำบลอ่างคีรี,เทศบาลตำบล,0-3938-9539,https://www.angkhiri.go.th/,https://www.angkhiri.go.th/contact,2026-10-01,พบ,
จันทบุรี,แหลมสิงห์,ปากน้ำแหลมสิงห์,TH220601,เทศบาลตำบลปากน้ำแหลมสิงห์,เทศบาลตำบล,0-3949-9555,https://www.laemsingha.go.th/,https://www.laemsingha.go.th/index/?page=contact,2026-10-01,พบ,
จันทบุรี,แหลมสิงห์,เกาะเปริด,TH220602,องค์การบริหารส่วนตำบลเกาะเปริด,องค์การบริหารส่วนตำบล,0-3944-4400,https://kohperd.go.th/,https://kohperd.go.th/public/contact/data/index/menu/1290,2026-10-01,พบ,
จันทบุรี,แหลมสิงห์,หนองชิ่ม,TH220603,องค์การบริหารส่วนตำบลหนองชิ่ม,องค์การบริหารส่วนตำบล,0-3944-4077,https://nong-chim.go.th/,https://nong-chim.go.th/public/contact/data/index/menu/1290,2026-10-01,พบ,
จันทบุรี,แหลมสิงห์,พลิ้ว,TH220604,เทศบาลตำบลพลิ้ว,เทศบาลตำบล,0-3943-4310,http://www.phliocity.go.th/,http://www.phliocity.go.th/index.php,2026-10-01,พบ,
จันทบุรี,แหลมสิงห์,คลองน้ำเค็ม,TH220605,เทศบาลตำบลพลิ้ว,เทศบาลตำบล,0-3943-4310,http://www.phliocity.go.th/,http://www.phliocity.go.th/index.php,2026-10-01,พบ,
จันทบุรี,แหลมสิงห์,บางสระเก้า,TH220606,เทศบาลตำบลบางสระเก้า,เทศบาลตำบล,0-3946-0203,https://www.bangsrakao.go.th/,https://www.bangsrakao.go.th/index/?page=contact,2026-10-01,พบ,
จันทบุรี,แหลมสิงห์,บางกะไชย,TH220607,องค์การบริหารส่วนตำบลบางกะไชย,องค์การบริหารส่วนตำบล,039-397905,https://www.bangkachai.go.th/,https://www.bangkachai.go.th/index/?page=contact,2026-10-01,พบ,
จันทบุรี,สอยดาว,ปะตง,TH220701,เทศบาลตำบลปะตง,เทศบาลตำบล,0-3938-1559,https://saopatong.go.th/,https://saopatong.go.th/,2026-10-01,พบ,
จันทบุรี,สอยดาว,ปะตง,TH220701,เทศบาลตำบลสอยดาว,เทศบาลตำบล,039 480 401,https://www.soidaochan.go.th/,https://www.soidaochan.go.th/data.php?content_id=13,2026-10-01,พบ,
จันทบุรี,สอยดาว,ทุ่งขนาน,TH220702,องค์การบริหารส่วนตำบลทุ่งขนาน,องค์การบริหารส่วนตำบล,039497537-16,http://www.thungkhanan.go.th/,"https://data.go.th/dataset/dlads_05_01 (API wsg.dla.go.th DLA_INFO62_0040, ปีงบ 2564)",2026-10-01,พบ,เบอร์จากฐานข้อมูล DLA ปีงบ 2564 (เว็บ อปท. ไม่แสดงเบอร์)
จันทบุรี,สอยดาว,ทับช้าง,TH220703,เทศบาลตำบลทับช้าง,เทศบาลตำบล,0-3939-3020,https://www.thapchang.go.th/,https://www.thapchang.go.th/contact,2026-10-01,พบ,
จันทบุรี,สอยดาว,ทรายขาว,TH220704,องค์การบริหารส่วนตำบลทรายขาว,องค์การบริหารส่วนตำบล,,https://www.saosaikhao.go.th/,,2026-10-01,ไม่พบ,เว็บ อปท. เข้าถึงได้แต่ไม่พบเบอร์โทร
จันทบุรี,สอยดาว,ทรายขาว,TH220704,เทศบาลตำบลสอยดาว,เทศบาลตำบล,039 480 401,https://www.soidaochan.go.th/,https://www.soidaochan.go.th/data.php?content_id=13,2026-10-01,พบ,
จันทบุรี,สอยดาว,สะตอน,TH220705,องค์การบริหารส่วนตำบลสะตอน,องค์การบริหารส่วนตำบล,039-3394077,https://www.saton.go.th/,https://www.saton.go.th/index.php,2026-10-01,พบ,
จันทบุรี,แก่งหางแมว,แก่งหางแมว,TH220801,องค์การบริหารส่วนตำบลแก่งหางแมว,องค์การบริหารส่วนตำบล,039308195,,"https://data.go.th/dataset/dlads_05_01 (API wsg.dla.go.th DLA_INFO62_0040, ปีงบ 2564)",2026-10-01,พบ,เบอร์จากฐานข้อมูล DLA ปีงบ 2564 (เว็บ อปท. ไม่แสดงเบอร์)
จันทบุรี,แก่งหางแมว,ขุนซ่อง,TH220802,องค์การบริหารส่วนตำบลขุนซ่อง,องค์การบริหารส่วนตำบล,0-3930-8936,https://www.khunsong.go.th/,https://www.khunsong.go.th/index.php,2026-10-01,พบ,
จันทบุรี,แก่งหางแมว,สามพี่น้อง,TH220803,องค์การบริหารส่วนตำบลสามพี่น้อง,องค์การบริหารส่วนตำบล,039-490645,https://www.sampeenong.go.th/,https://sampeenong.go.th/content/information/1 (ข้อความจากผลค้นหาของหน้าเว็บทางการ; เว็บมี Cloudflare),2026-10-01,ไม่แน่ใจ,ควรโทรยืนยัน
จันทบุรี,แก่งหางแมว,พวา,TH220804,เทศบาลตำบลพวา,เทศบาลตำบล,061-497-8049,https://www.pawa.go.th/,ผลค้นหาเว็บ (.go.th) อ้างที่ตั้ง 21/4 หมู่ 8 ต.พวา; เว็บ pawa.go.th มี Cloudflare เปิดไม่ได้,2026-10-01,ไม่แน่ใจ,เบอร์มือถือ ยังไม่ได้ยืนยันจากหน้าเว็บทางการโดยตรง
จันทบุรี,แก่งหางแมว,เขาวงกต,TH220805,องค์การบริหารส่วนตำบลเขาวงกต,องค์การบริหารส่วนตำบล,0-3949-0049,https://khaowongkot.go.th/,https://khaowongkot.go.th/index.php,2026-10-01,พบ,
จันทบุรี,นายายอาม,นายายอาม,TH220901,เทศบาลตำบลนายายอาม,เทศบาลตำบล,039-371-270,https://www.nayaiam.go.th/,https://www.nayaiam.go.th/contact-rev2,2026-10-01,พบ,
จันทบุรี,นายายอาม,นายายอาม,TH220901,องค์การบริหารส่วนตำบลนายายอาม,องค์การบริหารส่วนตำบล,039-491-000,https://www.nayaiamsao.go.th/,https://www.nayaiamsao.go.th/home,2026-10-01,พบ,
จันทบุรี,นายายอาม,วังโตนด,TH220902,องค์การบริหารส่วนตำบลวังโตนด,องค์การบริหารส่วนตำบล,039-480-299,https://www.wangtanode.go.th/,https://www.wangtanode.go.th/home,2026-10-01,พบ,
จันทบุรี,นายายอาม,กระแจะ,TH220903,องค์การบริหารส่วนตำบลกระแจะ,องค์การบริหารส่วนตำบล,0-3939-8115,https://www.krajae.go.th/,https://www.krajae.go.th/index.php,2026-10-01,พบ,
จันทบุรี,นายายอาม,สนามไชย,TH220904,เทศบาลตำบลสนามไชย,เทศบาลตำบล,,,,2026-10-01,ไม่พบ,ไม่พบเว็บไซต์/ไม่สามารถเข้าถึง
จันทบุรี,นายายอาม,ช้างข้าม,TH220905,เทศบาลตำบลช้างข้าม,เทศบาลตำบล,0-3937-0081,http://www.changkham.go.th/,http://www.changkham.go.th/,2026-10-01,พบ,
จันทบุรี,นายายอาม,วังใหม่,TH220906,องค์การบริหารส่วนตำบลวังใหม่,องค์การบริหารส่วนตำบล,081-9451820,https://www.wangmaichan.go.th/,https://www.wangmaichan.go.th/index.php,2026-10-01,พบ,
จันทบุรี,เขาคิชฌกูฏ,ชากไทย,TH221001,เทศบาลตำบลชากไทย,เทศบาลตำบล,,,,2026-10-01,ไม่พบ,ไม่พบเว็บไซต์/ไม่สามารถเข้าถึง
จันทบุรี,เขาคิชฌกูฏ,พลวง,TH221002,เทศบาลตำบลพลวง,เทศบาลตำบล,0-3930-9284,https://www.pluangcity.go.th/,https://www.pluangcity.go.th/home,2026-10-01,พบ,
จันทบุรี,เขาคิชฌกูฏ,ตะเคียนทอง,TH221003,เทศบาลตำบลตะเคียนทอง,เทศบาลตำบล,,https://www.takiantongcity.go.th/,,2026-10-01,ไม่พบ,เว็บ อปท. เข้าถึงได้แต่ไม่พบเบอร์โทร
จันทบุรี,เขาคิชฌกูฏ,คลองพลู,TH221004,เทศบาลตำบลคลองพลู,เทศบาลตำบล,039-493554,https://www.klongplucity.go.th/,https://www.klongplucity.go.th/index.php,2026-10-01,พบ,
จันทบุรี,เขาคิชฌกูฏ,จันทเขลม,TH221005,เทศบาลตำบลจันทเขลม,เทศบาลตำบล,039-309962,https://www.chanthaklem.go.th/,https://www.chanthaklem.go.th/index/?page=contact,2026-10-01,พบ,
